"","Sample","Biorep","Biomass","Culture","Color","Lineage","k","t.gen","Endpoint","Copynumb","log.copy","Ratio"
"2","XA.1-l","biorep1",4.15384615384615e-07,"Single","Light","A",0.0338636800962115,0.512978058748409,0.0179219079972623,-0.31575402309609,-0.0232357003264465,-0.333675931093352
"3","XA.1-m","biorep1",4.7061472641297e-07,"Single","Dark","A",0.575014363120062,0.0975802502708958,0.510961919277379,-0.00281269368209143,-0.000205337178483721,-0.513774612959471
"4","XA.2-l","biorep1",5.85434173669468e-07,"Single","Light","A",0.0731203793769065,0.294538323872576,0.0959244199985356,-0.732810690011586,-0.0545111001188555,-0.828735110010122
"5","XA.2-m","biorep1",3.90507518796992e-07,"Single","Dark","A",0.535352072279034,0.103628981079328,0.502307453966841,0.257728980739348,0.0186922252049638,-0.244578473227493
"6","XA.3-l","biorep1",5.58317060181076e-07,"Single","Light","A",0.103304980535744,0.45812301305151,0.100518994075786,-0.659793793409656,-0.0489863166056162,-0.760312787485442
"7","XA.3-m","biorep1",3.37046204620462e-07,"Single","Dark","A",0.531312293221576,0.0619368163592962,0.47779505534218,0.445620528711109,0.0321683379109856,-0.032174526631071
"8","XA.4-l","biorep1",6.98209718670077e-06,"Single","Light","A",-0.156084527521005,0.462248291066991,-0.103640071883651,-4.50845675234185,-0.373555693055448,-4.4048166804582
"9","XA.4-m","biorep1",9.66869506423259e-07,"Single","Dark","A",0.656941319060177,0.0557243333911201,0.548436624696042,-1.00411271182898,-0.0752263885089939,-1.55254933652502
"10","XA.5-l","biorep1",4.06137184115523e-07,"Single","Light","A",-0.0423995155936948,0.2292196414371,-0.00410439833273667,-0.305299665458924,-0.0224603650618862,-0.301195267126187
"11","XA.5-m","biorep1",3.60185185185185e-07,"Single","Dark","A",0.465124547196297,0.0703972973698506,0.407229132182689,0.279262142288989,0.0202430462360215,-0.1279669898937
"12","XB.1-l","biorep1",4.05712841253792e-07,"Single","Light","B",0.209455325421449,0.152442200684009,0.1300322743188,-0.169654838890093,-0.0124380202970601,-0.299687113208893
"13","XB.1-m","biorep1",4.4755877034358e-07,"Single","Dark","B",0.27453401074118,-0.179679827607156,0.24031432933371,-0.200990957356893,-0.0147471651583064,-0.441305286690603
"14","XB.2-l","biorep1",6.03560170591508e-07,"Single","Light","B",0.187796368943714,0.148697920134342,0.150116520362132,-0.722609231138644,-0.053737939672084,-0.872725751500776
"15","XB.2-m","biorep1",3.71585351306215e-07,"Single","Dark","B",0.126872300154129,0.065819864211501,0.0866911402204985,-0.0862306355504847,-0.00630848404471153,-0.172921775770983
"16","XB.3-l","biorep1",5.50887021475257e-07,"Single","Light","B",-0.00351743858041759,0.224250800887341,0.0081739314457001,-0.732810690011586,-0.0545111001188555,-0.740984621457286
"17","XB.3-m","biorep1",4.92539708005776e-07,"Single","Dark","B",0.104532347240774,0.00630890365679434,0.065697632566676,-0.51377055223832,-0.0380006094435601,-0.579468184804996
"18","XB.4-l","biorep1",6.68576886341929e-07,"Single","Light","B",-0.0830794122636017,0.226904549759055,-0.0671141958585369,-1.0874358227184,-0.0816487007701506,-1.02032162685986
"19","XB.4-m","biorep1",2.97883597883598e-07,"Single","Dark","B",-0.0261153950139038,-0.0319091134353089,-0.0594061007232739,0.0866170643465932,0.00630910486444302,0.146023165069867
"20","XB.5-l","biorep1",2.95238095238095e-07,"Single","Light","B",-0.127840367188864,0.107994658317014,-0.0722759009743158,0.0866170643465932,0.00630910486444302,0.158892965320909
"21","XB.5-m","biorep1",3.14285714285714e-07,"Single","Dark","B",0.083202211465782,0.126680236657757,0.0179219079972623,0.0866170643465932,0.00630910486444302,0.0686951563493308
"22","XC.1-l","biorep1",3.25396825396825e-07,"Single","Light","C",0.119295796701616,0.023940664277538,0.0680453874230989,0.0866170643465932,0.00630910486444302,0.0185716769234943
"23","XC.1-m","biorep1",1.03117206982544e-06,"Single","Dark","C",0.580810958060356,0.146782148723997,0.495346306367771,-1.15009502830692,-0.0864972008445858,-1.64544133467469
"24","XC.2-l","biorep1",2.89276204308884e-07,"Single","Light","C",-0.500706968462645,0.566327977239391,-0.295530404822755,-0.107206204793084,-0.00784720059296614,0.188324200029671
"25","XC.2-m","biorep1",1.33245815556285e-06,"Single","Dark","C",0.528782211038706,0.12123231087935,0.468938704381673,-1.54630776496272,-0.117538850073916,-2.01524646934439
"26","XC.3-l","biorep1",3.8675429726997e-07,"Single","Light","C",0.0298905558201432,0.0880457291009181,0.0609906298891484,-0.169654838890093,-0.0124380202970601,-0.230645468779242
"27","XC.3-m","biorep1",9.86358866736621e-07,"Single","Dark","C",0.403272838232033,0.134036406930288,0.358191638874134,-1.22314914573926,-0.0921706982881944,-1.5813407846134
"28","XC.4-l","biorep1",4.32623092427296e-07,"Single","Light","C",0.0182709522710288,0.0929981032650553,0.034823967907682,-0.357514854267112,-0.0263370071360444,-0.392338822174794
"29","XC.4-m","biorep1",4.82683235531009e-07,"Single","Dark","C",0.582078079296517,0.0646364957369061,0.51612978763632,-0.0341750796576447,-0.002496890789528,-0.550304867293964
"30","XC.5-l","biorep1",7.31852913085005e-07,"Single","Light","C",0.050678560497829,0.0995174600823532,0.0633460508872781,-1.0874358227184,-0.0816487007701506,-1.15078187360567
"31","XC.5-m","biorep1",6.45873179343828e-07,"Single","Dark","C",0.658314579168038,0.0340654913812127,0.581679916731855,-0.388799142172408,-0.0286646644906445,-0.970479058904263
"32","XD.1-l","biorep1",6.83741138806311e-07,"Single","Light","D",0.0141785077048685,0.127387839754639,0.0276044613946016,-1.025073916568,-0.0768393300794841,-1.0526783779626
"33","XD.1-m","biorep1",7.31286650569162e-07,"Single","Dark","D",0.622714741616037,0.0391143116772265,0.531523241759696,-0.618141931587807,-0.0458442021916975,-1.1496651733475
"34","XD.2-l","biorep1",3.11579980372915e-07,"Single","Light","D",0.0638292927574238,0.166813252426757,0.114215568856025,0.195384881403972,0.0141927719898416,0.0811693125479471
"35","XD.2-m","biorep1",1.02955426356589e-06,"Single","Dark","D",0.612240159154416,0.0265121194447723,0.534921818221561,-1.10825429422595,-0.0832578042226983,-1.64317611244751
"36","XD.3-l","biorep1",3.07270916334661e-07,"Single","Light","D",0.0539823298739689,0.127511813994754,0.0727294663459145,0.17399009918893,0.0126454434294504,0.101260632843016
"37","XD.3-m","biorep1",1.11503943432146e-06,"Single","Dark","D",0.535662272212468,0.0100919548069115,0.483082886701943,-1.27516808844591,-0.0962242142204975,-1.75825097514785
"38","XD.4-l","biorep1",3.58357904286686e-07,"Single","Light","D",0.0959413008150963,0.00987858917404654,0.1073835353736,-0.0132457880334566,-0.000967247519330555,-0.120629323407056
"39","XD.4-m","biorep1",1.02741549108331e-06,"Single","Dark","D",0.446846195800469,0.0779796703955363,0.396059824464577,-1.24411614900743,-0.0938031578829111,-1.64017597347201
"40","XD.5-l","biorep1",3.96647307286167e-07,"Single","Light","D",0.0123017081000435,0.0913488218738137,0.034823967907682,-0.232260934180819,-0.0170551262409692,-0.267084902088501
"41","XD.5-m","biorep1",9.56880489752462e-07,"Single","Dark","D",0.28775806216005,0.0697794125503464,0.293450747635794,-1.24411614900743,-0.0938031578829111,-1.53756689664323
"42","XE.1-l","biorep1",5.44181977252843e-07,"Single","Light","E",0.0385815834508878,-0.309781762484252,0.0843735573270992,-0.638943766547364,-0.0474125862410244,-0.723317323874463
"43","XE.2-l","biorep1",3.24867724867725e-07,"Single","Light","E",-0.0518575530149896,-0.232398280714273,0.065697632566676,0.0866170643465932,0.00630910486444302,0.0209194317799171
"44","XE.2-m","biorep1",3.76190476190476e-07,"Single","Dark","E",0.294305196293486,0.149357386646056,0.277308536815912,0.0866170643465932,0.00630910486444302,-0.190691472469319
"45","XE.3-l","biorep1",3.45502645502646e-07,"Single","Light","E",0.215311886892659,0.0115165386123119,0.154541968742927,0.0866170643465932,0.00630910486444302,-0.0679249043963343
"46","XE.3-m","biorep1",4.41711632576233e-07,"Single","Dark","E",0.37371117191527,0.0372124335550337,0.263034405833794,-0.15929856781733,-0.0116756830755792,-0.422332973651124
"47","XE.4-l","biorep1",3.83873894307099e-07,"Single","Light","E",0.241698232624914,-0.0295849445304093,0.206614810771493,-0.0132457880334566,-0.000967247519330555,-0.21986059880495
"48","XE.4-m","biorep1",5.03170664460987e-07,"Single","Dark","E",0.391733186308362,0.0465875426204059,0.315355440963876,-0.294920519678924,-0.0216910197728103,-0.610275960642801
"49","XE.5-l","biorep1",3.64443968746655e-07,"Single","Light","E",0.282682420094554,0.0109962496845319,0.215113775208568,0.0701886029545498,0.00511458964303555,-0.144925172254018
"50","XE.5-m","biorep1",6.81638306292046e-07,"Single","Dark","E",0.243907449088877,-0.066079454514064,0.231962959900788,-0.816271600704429,-0.0608521462831383,-1.04823456060522
"51","XYA.1-m","biorep1",5.5570652173913e-07,"Coc","Dark","A",0.442075144661742,-0.0613769951722447,0.479559820138245,-0.273991498704829,-0.0201409206401738,-0.753551318843074
"52","XYA.2-l","biorep1",3.39341948094256e-07,"Coc","Light","A",0.309317779792234,0.0269261075533902,0.0913151667459461,0.0493472384121468,0.00359778715225008,-0.0419679283337993
"53","XYA.2-m","biorep1",6.51260504201681e-07,"Coc","Dark","A",0.415388834244515,-0.00812527858337544,0.458238815724464,-0.524224068200168,-0.0387842806774132,-0.982462883924633
"54","XYA.3-l","biorep1",3.90833863781031e-07,"Coc","Light","A",0.185888468773678,0.0157177697085612,0.065697632566676,-0.180085989467646,-0.0132062769102372,-0.245783622034322
"55","XYA.3-m","biorep1",4.69488853861743e-07,"Coc","Dark","A",0.482150175923231,-0.0246709039130072,0.50750636064116,-0.00281269368209143,-0.000205337178483721,-0.510319054323252
"56","XYA.4-l","biorep1",4.39436245180162e-07,"Coc","Light","A",0.195715345901527,-0.0371670187589072,0.172109248704188,-0.242772768094109,-0.0178318091323259,-0.414882016798297
"57","XYB.1-l","biorep1",4.37762237762238e-07,"Coc","Light","B",0.12849209807099,-0.0439768397106452,0.093621634129115,-0.31575402309609,-0.0232357003264465,-0.409375657225205
"58","XYB.1-m","biorep1",3.4788029925187e-07,"Coc","Dark","B",0.584118758261174,0.0394301198522979,0.51268659974684,0.434867472414235,0.0314004848857266,-0.0778191273326058
"59","XYB.2-m","biorep1",3.83362676056338e-07,"Coc","Dark","B",0.661227454846245,0.0266660634189267,0.570131695795361,0.35219366474284,0.0254832333701396,-0.217938031052521
"60","XYB.3-l","biorep1",5.60284920083391e-07,"Coc","Light","B",0.176896263514494,-0.039629477484223,0.136758137507113,-0.628630672908906,-0.0466348027069325,-0.76538881041602
"61","XYB.3-m","biorep1",5.25046382189239e-07,"Coc","Dark","B",0.596593620160917,0.0131776563229383,0.533223530749535,-0.13844949128818,-0.0101421788925089,-0.671673022037715
"62","XYB.4-l","biorep1",2.88120567375887e-07,"Coc","Light","B",0.295527406699604,0.106942724914518,0.147898695112313,0.341997897636952,0.0247518029441511,0.194099202524638
"63","XYB.4-m","biorep1",6.91480827851757e-07,"Coc","Dark","B",0.625643879225456,0.0173686481728432,0.555146846285595,-0.51377055223832,-0.0380006094435601,-1.06891739852391
"64","XYB.5-l","biorep1",3.38507977576542e-07,"Coc","Light","B",0.203257942792535,0.217173775872681,0.0982235360881237,0.0598055549967993,0.00435912670187376,-0.0384179810913244
"65","XYB.5-m","biorep1",9.15522703273495e-07,"Coc","Dark","B",0.638521412370181,0.0188382282299879,0.563490970418332,-0.910332839293457,-0.068032130807795,-1.47382380971179
"66","XYC.1-l","biorep1",2.29690869877786e-07,"Coc","Light","C",0.169514744688111,0.187466239260537,0.123274908143491,0.644353249780397,0.0462863414592678,0.521078341636906
"67","XYC.1-m","biorep1",9.59137343927355e-07,"Coc","Dark","C",0.595357641413041,-0.00654746207403315,0.526410318366043,-1.01455524584143,-0.0760297045696943,-1.54096556420747
"68","XYC.2-l","biorep1",2.50394944707741e-07,"Coc","Light","C",0.210907648935567,0.10801878990182,0.111941817335904,0.508508234666499,0.0366508503610878,0.396566417330596
"69","XYC.2-m","biorep1",4.64571271022884e-07,"Coc","Dark","C",0.186851701066602,-0.0249257561989335,0.200207568378355,-0.294920519678924,-0.0216910197728103,-0.49512808805728
"70","XYC.3-m","biorep1",4.91531052806377e-07,"Coc","Dark","C",0.0263927358833964,0.149349684324827,0.0130561528254463,-0.563454556924527,-0.0417290844349344,-0.576510709749973
"71","XYC.4-l","biorep1",5.51054852320675e-07,"Coc","Light","C",0.238824954221705,0.00384924928183148,0.154541968742927,-0.58688211097622,-0.043490525015062,-0.741424079719148
"72","XYC.4-m","biorep1",5.63766190634341e-07,"Coc","Dark","C",0.291617518066436,0.188432891087713,0.210870551441228,-0.563454556924527,-0.0417290844349344,-0.774325108365755
"73","XYC.5-l","biorep1",7.28944820909971e-07,"Coc","Light","C",0.422345777739545,0.0418668074390784,0.360108841868425,-0.784928915896782,-0.0584675777956231,-1.14503775776521
"74","XYC.5-m","biorep1",9.69569080408707e-07,"Coc","Dark","C",0.674321117068258,0.179516190318903,0.573440630825937,-0.983131208195049,-0.0736136888415709,-1.55657183902099
"75","XYE.1-l","biorep1",9.36266215454033e-07,"Coc","Light","E",0.282331771265232,-0.14382957945319,0.178642218543421,-1.32750472875052,-0.100314012538495,-1.50614694729394
"76","XYE.1-m","biorep1",7.19565217391304e-07,"Coc","Dark","E",0.167954200991409,0.261515100378953,0.174290194003714,-0.952063403817467,-0.0712290327185273,-1.12635359782118
"77","XYE.2-l","biorep1",1.03216374269006e-06,"Coc","Light","E",0.408101642789809,-0.0289978103534228,0.267127160467677,-1.37970093987594,-0.104404417195417,-1.64682810034362
"78","XYE.2-m","biorep1",6.45945040214477e-07,"Coc","Dark","E",0.444440470859907,0.251022112644678,0.394189837111531,-0.576449729393966,-0.0427058830043858,-0.970639566505498
"79","XYE.3-l","biorep1",4.57338859511219e-07,"Coc","Light","E",0.251262576848038,0.00479785696725114,0.125530882083859,-0.346960773334449,-0.0255525940602195,-0.472491655418308
"80","XYE.3-m","biorep1",5.42375303701586e-07,"Coc","Dark","E",0.3953936107354,0.177199493771695,0.371558862611963,-0.346960773334449,-0.0255525940602195,-0.718519635946411
"81","XYE.4-m","biorep1",6.80664916885389e-07,"Coc","Dark","E",0.459126631074024,0.154621551839279,0.407229132182689,-0.638943766547364,-0.0474125862410244,-1.04617289873005
"82","XYE.5-m","biorep1",5.50271739130435e-07,"Coc","Dark","E",0.516981784709474,0.127386309835537,0.465380884968484,-0.273991498704829,-0.0201409206401738,-0.739372383673313
"84","XA.1-l","biorep2",3.8933089865658e-06,"Single","Light","A",0.148290919706295,0.287236871886759,0.0508274683436797,-1.77602294932612,-0.149848357260934,-1.8268504176698
"85","XA.1-m","biorep2",7.00156168662155e-07,"Single","Dark","A",0.711247050484686,0.169648486795071,0.485665210356655,1.1340629854422,0.0881349582337885,0.648397775085547
"86","XA.2-l","biorep2",2.57805530776093e-06,"Single","Light","A",0.0927289991607248,0.394873912797086,0.00416602957955339,-1.22797075613905,-0.101925588656265,-1.23213678571861
"87","XA.2-m","biorep2",6.61612680909718e-07,"Single","Dark","A",0.58691829650011,0.124426823749713,0.414202847800031,1.14429048512226,0.0889058020124696,0.730087637322232
"88","XA.3-l","biorep2",5.6477093206951e-06,"Single","Light","A",0.0748945016537746,0.338131048635776,-0.0108883161427361,-2.3744077244035,-0.204056835846566,-2.36351940826077
"89","XA.3-m","biorep2",4.26326777277222e-07,"Single","Dark","A",0.590848591468433,0.0986520133608012,0.429153189266002,1.79326804023528,0.136995519529929,1.36411485096928
"90","XA.4-l","biorep2",6.07791148276565e-07,"Single","Light","A",0.121940577480048,0.284210868858911,0.0484088675410362,0.900907727341204,0.0704494577845221,0.852498859800168
"91","XA.4-m","biorep2",7.54158964879852e-07,"Single","Dark","A",0.705833632290513,0.0703502901357601,0.50166568905037,1.0428715597697,0.0812436167859698,0.541205870719326
"92","XA.5-l","biorep2",5.84669534610872e-07,"Single","Light","A",0.148855734060266,0.342456557898142,0.0532420212769795,0.961695126297167,0.0750812919892459,0.908453105020188
"93","XA.5-m","biorep2",7.05303444505194e-07,"Single","Dark","A",0.605273207123409,0.0595019755765223,0.425430103223285,1.06326054152539,0.0827872730492993,0.637830438302106
"94","XB.1-l","biorep2",7.91624106230848e-07,"Single","Light","B",0.212485889171672,0.218761739765039,0.105364752353112,0.576623730659213,0.0454854477447709,0.471258978306101
"95","XB.1-m","biorep2",1.12301313061507e-06,"Single","Dark","B",0.346272832087456,0.0114956918790754,0.173536254994692,0.140307887587243,0.0112005496777271,-0.0332283674074486
"96","XB.2-l","biorep2",8.94202898550725e-07,"Single","Light","B",0.193688137885443,0.163447086453073,0.0983670262282925,0.393839327608412,0.031221623032907,0.29547230138012
"97","XB.2-m","biorep2",6.78532901833873e-07,"Single","Dark","B",0.277048089432684,0.21848717463311,0.126156553958164,0.819812304568411,0.0642469635666072,0.693655750610248
"98","XB.3-l","biorep2",9.38074800735745e-07,"Single","Light","B",0.143716164555789,0.197689438497778,0.0866281897715263,0.312999747767403,0.0248679396663345,0.226371557995876
"99","XB.3-m","biorep2",1.22193595877806e-06,"Single","Dark","B",0.34879774685911,0.23736116692473,0.2042797784258,0.0492575312774932,0.00394206117156079,-0.155022247148306
"100","XB.4-l","biorep2",1.03974972396025e-06,"Single","Light","B",0.0206662673130345,0.239132199192446,-0.0286525956185754,0.0492575312774932,0.00394206117156079,0.0779101268960686
"101","XB.4-m","biorep2",7.59989553408201e-07,"Single","Dark","B",0.0706463805968629,0.0871792457336777,0.0141156899871585,0.544210625905679,0.0429663126805241,0.530094935918521
"102","XB.5-l","biorep2",7.71741969182554e-07,"Single","Light","B",0.11612827041326,0.316005626248365,0.0362546672564069,0.544210625905679,0.0429663126805241,0.507955958649272
"103","XB.5-m","biorep2",8.14834160355184e-07,"Single","Dark","B",0.288900822569158,0.279059778700531,0.114642565941123,0.544210625905679,0.0429663126805241,0.429568059964556
"104","XC.1-l","biorep2",8.1744580830504e-07,"Single","Light","C",0.270807507779079,0.225596515986819,0.119259194011493,0.544210625905679,0.0429663126805241,0.424951431894186
"105","XC.1-m","biorep2",8.19424894429922e-07,"Single","Dark","C",0.735791963945119,0.29374891168751,0.499896596197314,0.92135939685828,0.0720094798107997,0.421462800660966
"106","XC.2-l","biorep2",4.65376023827252e-07,"Single","Light","C",-0.207954746693943,0.713933560397425,-0.204975368259038,1.03270227048296,0.0804730788938199,1.237677638742
"107","XC.2-m","biorep2",6.64670658682635e-07,"Single","Dark","C",0.628777149341684,0.168000562856123,0.431011135486585,1.15444599047454,0.089670812286022,0.723434854987952
"108","XC.3-l","biorep2",8.34909483923264e-07,"Single","Light","C",0.193658384036333,0.247049718554605,0.100703374983249,0.495158101355739,0.0391455826048939,0.39445472637249
"109","XC.3-m","biorep2",7.68529769137303e-07,"Single","Dark","C",0.573886626999443,0.0998457299789057,0.397196422494341,0.9111698021983,0.0712324439952712,0.513973379703959
"110","XC.4-l","biorep2",8.08201058201058e-07,"Single","Light","C",0.159108233218705,0.118033725743956,0.0842689168976043,0.525629200163953,0.0415201847211805,0.441360283266349
"111","XC.4-m","biorep2",7.28995808274102e-07,"Single","Dark","C",0.647593084991066,0.0470586136270098,0.473096536853599,1.06326054152539,0.0827872730492993,0.590164004671792
"112","XC.5-l","biorep2",8.06945863125638e-07,"Single","Light","C",0.228905598643485,0.168720576257551,0.133021095255978,0.576623730659213,0.0454854477447709,0.443602635403236
"113","XC.5-m","biorep2",6.68859649122807e-07,"Single","Dark","C",0.661020860166139,0.0981132308726516,0.460417402782853,1.17478841336135,0.0912019800665215,0.714371010578499
"114","XD.1-l","biorep2",1.073756432247e-06,"Single","Light","D",0.236761633099522,0.160235143793444,0.119259194011493,0.150738849143377,0.012029773974271,0.031479655131884
"115","XD.1-m","biorep2",9.0391061452514e-07,"Single","Dark","D",0.691160461281763,0.0242468728686129,0.489236239508852,0.769130648094499,0.0603570487720641,0.279894408585647
"116","XD.2-l","biorep2",7.58810836729801e-07,"Single","Light","D",0.247630954342179,0.177787224776649,0.135302036507216,0.667636277944744,0.0525354849512945,0.532334241437528
"117","XD.2-m","biorep2",7.83867631851086e-07,"Single","Dark","D",0.559555398164629,0.0443539971777551,0.395294385249966,0.880758855419722,0.0689108813142897,0.485464470169755
"118","XD.3-l","biorep2",7.26107226107226e-07,"Single","Light","D",0.202640223585621,0.233872617663819,0.112328700102876,0.708220613442426,0.0556681666770587,0.59589191333955
"119","XD.3-m","biorep2",1.42777155655095e-06,"Single","Dark","D",0.587578693597704,0.131208010569556,0.408556284658889,0.0289375468978973,0.00231716568941347,-0.379618737760991
"120","XD.4-l","biorep2",9.58845384395542e-07,"Single","Light","D",0.341328130920041,0.0929257807948153,0.219409303279058,0.414185630295368,0.0328163670919309,0.19477632701631
"121","XD.4-m","biorep2",1.29419613075384e-06,"Single","Dark","D",0.630328955641968,0.162423076631035,0.429153189266002,0.191243349003378,0.0152452263333546,-0.237909840262624
"122","XD.5-l","biorep2",9.36944937833037e-07,"Single","Light","D",0.251129670059815,0.171392698209924,0.135302036507216,0.363412293856904,0.0288334567179435,0.228110257349688
"123","XD.5-m","biorep2",2.00618875709128e-06,"Single","Dark","D",0.664545911549858,0.254088929193304,0.432866692065067,-0.437444230837689,-0.0354893143714947,-0.870310922902756
"124","XE.1-l","biorep2",3.73890208828311e-06,"Single","Light","E",0.0703898557565382,-0.0685219950352044,0.0532420212769795,-1.71522624127495,-0.144452993008634,-1.76846826255193
"125","XE.1-m","biorep2",8.01775920605902e-07,"Single","Dark","E",0.0879648362918487,-0.0264254385682106,0.0913351924490541,0.544210625905679,0.0429663126805241,0.452875433456625
"126","XE.2-l","biorep2",7.62601201358057e-07,"Single","Light","E",-0.0281492041730005,-0.0606827426181885,0.0190649059588917,0.544210625905679,0.0429663126805241,0.525145719946787
"127","XE.2-m","biorep2",8.67067119352311e-07,"Single","Dark","E",0.268423016299975,0.222828776897396,0.2042797784258,0.544210625905679,0.0429663126805241,0.33993084747988
"128","XE.3-l","biorep2",8.00470096630974e-07,"Single","Light","E",0.154694390844632,0.134711068631247,0.0889836107696561,0.544210625905679,0.0429663126805241,0.455227015136023
"129","XE.3-m","biorep2",6.97087378640777e-07,"Single","Dark","E",0.403568485708906,0.29574932745892,0.317080380901926,0.971815398013461,0.0758509872065401,0.654735017111536
"130","XE.4-l","biorep2",5.00468457214241e-07,"Single","Light","E",0.236817076749659,0.185866770400425,0.153420893697616,1.28621627357178,0.0995604113088771,1.13279537987416
"131","XE.4-m","biorep2",7.70163067430586e-07,"Single","Dark","E",0.367929928726404,0.0734712061697012,0.278388992454311,0.789299574727856,0.0619063094143083,0.510910582273545
"132","XE.5-l","biorep2",5.04796351627614e-07,"Single","Light","E",0.173911923423184,0.0944595219941079,0.155669834201178,1.27604287454922,0.0987992895184369,1.12037304034804
"133","XE.5-m","biorep2",9.12590017382667e-07,"Single","Dark","E",0.410110983364735,0.042261426600503,0.350840786802601,0.616948438001272,0.0486133419238532,0.266107651198671
"134","XYA.2-l","biorep2",6.04757085020243e-07,"Coc","Light","A",0.441158632077964,-0.051125650554065,0.315069655780779,1.17478841336135,0.0912019800665215,0.859718757580573
"135","XYA.2-m","biorep2",4.2809364548495e-07,"Coc","Dark","A",0.237089524154517,0.373278551644382,0.151168441966237,1.50931654502835,0.116151467129762,1.35814810306211
"136","XYA.3-l","biorep2",5.67492209283254e-07,"Coc","Light","A",0.288161821093249,0.0631720680673097,0.263868574715599,1.21534251171199,0.094249633729057,0.951473936996388
"137","XYA.3-m","biorep2",3.01818181818182e-07,"Coc","Dark","A",0.276019099142416,0.0985519949084269,0.2042797784258,2.0666745843549,0.156784860853589,1.8623948059291
"138","XYA.4-l","biorep2",7.76116020847496e-07,"Coc","Light","A",0.25145570257251,0.0315327695355424,0.249200524926764,0.749002713031505,0.0588092764558438,0.499802188104741
"139","XYA.5-l","biorep2",9.07236126224157e-07,"Coc","Light","A",0.222148028685932,0.00276651427224636,0.21078329826346,0.485379732344553,0.0383827285910665,0.274596434081093
"140","XYB.1-l","biorep2",8.35568669527897e-07,"Coc","Light","B",0.13368455100298,-0.0222825751937664,0.112328700102876,0.505644825709799,0.0399632505506165,0.393316125606922
"141","XYB.1-m","biorep2",3.787000948067e-07,"Coc","Dark","B",0.694263601112854,0.406555104521953,0.319088307518172,1.85410704887177,0.141422626782438,1.5350187413536
"142","XYB.3-l","biorep2",9.07751252578839e-06,"Coc","Light","B",0.217558656091424,0.235266428135967,0.0960268877737759,-2.95212369912087,-0.258399319250612,-3.04815058689464
"143","XYB.4-l","biorep2",5.27687296416938e-07,"Coc","Light","B",0.326232660231262,0.212503553053484,0.169090349963499,1.22548162131306,0.0950105861497934,1.05639127134956
"144","XYB.5-l","biorep2",4.54604578563996e-07,"Coc","Light","B",0.47282445680298,0.179813502607657,0.278388992454311,1.54985130182927,0.119145495862182,1.27146230937496
"145","XYB.5-m","biorep2",4.96688741721854e-07,"Coc","Dark","B",0.619303741547703,0.179109246440171,0.436570660828485,1.58030313852169,0.121390687091891,1.1437324776932
"146","XYC.1-l","biorep2",3.87723038940635e-07,"Coc","Light","C",0.384130256169654,0.118841536418265,0.261782247467133,1.76283030701448,0.134775530459735,1.50104805954735
"147","XYC.2-l","biorep2",4.73477140143807e-07,"Coc","Light","C",0.422716059560518,0.0804567480856947,0.276323573288527,1.48910332413884,0.114656128028451,1.21277975085031
"148","XYC.2-m","biorep2",3.8295208831228e-07,"Coc","Dark","C",0.32484005485646,0.103396155632245,0.223703041689192,1.74261365965604,0.133299130408367,1.51891061796685
"149","XYC.3-m","biorep2",4.70876012842073e-07,"Coc","Dark","C",0.22701844760601,0.141710273646114,0.0960268877737759,1.31675418014958,0.101842692866967,1.2207272923758
"150","XYC.4-l","biorep2",3.87654060886969e-07,"Coc","Light","C",0.49986618035126,0.0643036742887494,0.352802303135888,1.85410704887177,0.141422626782438,1.50130474573588
"151","XYC.4-m","biorep2",1.42412105028927e-06,"Coc","Dark","C",0.253551238270583,0.1807325144331,0.151168441966237,-0.224756909764574,-0.018125187187761,-0.375925351730811
"152","XYC.5-l","biorep2",4.25787965616046e-07,"Coc","Light","C",0.517234109477183,0.0530553866187029,0.366458747617471,1.7323980970399,0.132552523823414,1.36593934942242
"153","XYC.5-m","biorep2",4.95165543510108e-07,"Coc","Dark","C",0.4469809010136,0.399069277859103,0.230119783361059,1.37828338015438,0.106430203489122,1.14816359679332
"154","XYE.1-l","biorep2",4.74201805200054e-07,"Coc","Light","E",0.39662533089556,0.114990036154054,0.288671965716172,1.49924533455945,0.115406610143457,1.21057336884328
"155","XYE.1-m","biorep2",5.66217404043364e-07,"Coc","Dark","E",0.691827733935,0.453316142710531,0.423564951003722,1.37828338015438,0.106430203489122,0.954718429150662
"156","XYE.2-l","biorep2",6.20092790863669e-07,"Coc","Light","E",0.285163733729968,0.0680326088143596,0.270109514689744,1.09369992148634,0.0850887789039342,0.823590406796592
"157","XYE.2-m","biorep2",3.93030009680542e-07,"Coc","Dark","E",0.744174169112374,0.336527048019232,0.494576264264051,1.97601131480794,0.150252631118699,1.48143505054389
"158","XYE.3-l","biorep2",5.25615435795077e-07,"Coc","Light","E",0.119878109879269,0.0451584554283832,0.133021095255978,1.19508797497188,0.0927283034734219,1.06206687971591
"159","XYE.3-m","biorep2",5.87520874449674e-07,"Coc","Dark","E",0.665865271233481,0.366114895400654,0.425430103223285,1.32686451584166,0.102597504260033,0.901434412618374
"160","XYE.4-m","biorep2",5.77608931617305e-07,"Coc","Dark","E",0.608679095487018,0.359672841065097,0.370336962428398,1.29631843526291,0.100315806357481,0.925981472834513
"161","XYE.5-m","biorep2",1.28278564968345e-07,"Coc","Dark","E",0.841809472310449,0.326594558568183,0.562255668764837,3.6590500727309,0.266940604519376,3.09679440396607
"163","XA.1-l","biorep4",2.45250431778929e-06,"Single","Light","A",0.232529149704908,0.141774926864232,-0.207804885113402,-0.164408114335831,-0.0135628156158158,0.0433967707775709
"164","XA.1-m","biorep4",1.41313742437338e-06,"Single","Dark","A",0.0358478497957226,0.202213741793266,-0.589367679841157,0.249382996061267,0.0203324497127487,0.838750675902424
"165","XA.2-l","biorep4",2.19764705882353e-06,"Single","Light","A",0.0852778797778232,0.106402227577306,-0.0752357656295779,0.126456972866203,0.0103459750773615,0.201692738495781
"166","XA.2-m","biorep4",1.30966017563956e-06,"Single","Dark","A",-0.139913131219133,0.252201651363871,-0.520449739166427,0.428010191304373,0.0347219617156149,0.9484599304708
"167","XA.3-l","biorep4",2.39397321428571e-06,"Single","Light","A",0.24951895564209,0.0752188923427793,-0.197680667839694,-0.119435230988619,-0.00984009963926479,0.0782454368510748
"168","XA.3-m","biorep4",1.30191166776533e-06,"Single","Dark","A",-0.0340586063908802,0.0983213715654382,-0.316805662274775,0.64021521720081,0.0516319157604016,0.957020879475584
"169","XA.4-l","biorep4",2.92194796531021e-06,"Single","Light","A",0.040482729409992,0.191619854526924,-0.167727445738066,-0.377005485098364,-0.0312921858106542,-0.209278039360297
"170","XA.4-m","biorep4",1.35323768902675e-06,"Single","Dark","A",0.373598084945183,0.131925551549383,-0.495431279129588,0.405805904742991,0.0329410626850778,0.901237183872578
"171","XA.5-l","biorep4",3.01075268817204e-06,"Single","Light","A",0.231042751030776,0.0876443234648686,-0.135159583281636,-0.387631341938192,-0.0321840626423794,-0.252471758656556
"172","XA.5-m","biorep4",1.56549520766773e-06,"Single","Dark","A",0.444711493198375,0.124987659274552,-0.520449739166427,0.170583615943999,0.0139387694420083,0.691033355110426
"173","XB.1-l","biorep4",1.94886839899413e-06,"Single","Light","B",0.027561122210809,0.188232322419188,-0.081427599343846,0.293588174649005,0.0239068333575703,0.375015773992851
"174","XB.1-m","biorep4",2.50756811301715e-06,"Single","Dark","B",0.149819991846381,-0.0421986237481808,0.0145875362230464,0.0259510941402649,0.00212922695063027,0.0113635579172184
"175","XB.2-l","biorep4",3.57912178956089e-06,"Single","Light","B",0.034215979896049,-0.0420644068449555,-0.187627003175771,-0.689580192291202,-0.0577612397830767,-0.501953189115431
"176","XB.2-m","biorep4",2.40941176470588e-06,"Single","Dark","B",0.0300738369988754,0.0446296754537638,0.0574854946607603,0.126456972866203,0.0103459750773615,0.0689714782054429
"177","XB.3-l","biorep4",3.87312186978297e-06,"Single","Light","B",0.0445345553847158,-0.0163342047098438,-0.0845335102116677,-0.700377960257438,-0.0586843373165236,-0.61584445004577
"178","XB.3-m","biorep4",2.33350025037556e-06,"Single","Dark","B",-0.00672970234996895,0.220512160170732,-0.0783283606849595,0.0368284643977493,0.00302075611912713,0.115156825082709
"179","XB.4-l","biorep4",6.93436542493146e-06,"Single","Light","B",-0.136352658620663,0.33048103856686,-0.19432165574978,-1.65043307378698,-0.142307599878952,-1.4561114180372
"180","XB.4-m","biorep4",2.37037037037037e-06,"Single","Dark","B",-0.0259034262040213,-0.0497213121051814,-0.135159583281636,-0.0426196339377883,-0.00350367460652771,0.0925399493438472
"181","XB.5-l","biorep4",2.23809523809524e-06,"Single","Light","B",0.0334823602858743,0.0634658700759355,-0.21800065221929,-0.0426196339377883,-0.00350367460652771,0.175381018281502
"182","XB.5-m","biorep4",2.61904761904762e-06,"Single","Dark","B",0.050913595025686,0.0539798557066657,0.0087702096277321,-0.0426196339377883,-0.00350367460652771,-0.0513898435655204
"183","XC.1-l","biorep4",2.56613756613757e-06,"Single","Light","C",-0.119842068464648,0.0556886305337196,-0.0206735682647499,-0.0426196339377883,-0.00350367460652771,-0.0219460656730385
"184","XC.1-m","biorep4",2.10963455149502e-06,"Single","Dark","C",0.2975619736502,0.00563691040088292,-0.368867317845918,-0.108207975565365,-0.00891223867245617,0.260659342280553
"185","XC.2-l","biorep4",1.71063829787234e-06,"Single","Light","C",-0.73355436785253,0.437739291698902,-0.291462814160311,0.271654888406139,0.0221344381022278,0.56311770256645
"186","XC.2-m","biorep4",2.64409221902017e-06,"Single","Dark","C",0.260790593679798,-0.0575198527408203,-0.422878252496027,-0.487998300467962,-0.0406356327906881,-0.0651200479719354
"187","XC.3-l","biorep4",1.96673596673597e-06,"Single","Light","C",-0.117973581634828,-0.0765804224808696,-0.0568181319998448,0.305031025611181,0.024830649003986,0.361849157611025
"188","XC.3-m","biorep4",1.67632634864021e-06,"Single","Dark","C",0.309985916268638,-0.0089546205083718,-0.387925653661602,0.204423752040049,0.0166879866312393,0.592349405701651
"189","XC.4-l","biorep4",1.11466325660699e-05,"Single","Light","C",-0.126823554229067,0.168696451360219,0.0881526309077015,-2.05273094990508,-0.179232497034304,-2.14088358081278
"190","XC.4-m","biorep4",4.06983209162682e-06,"Single","Dark","C",0.400378882654834,0.0146652449996031,-0.426814667055197,-1.11413149456922,-0.0945084274629312,-0.687316827514023
"191","XC.5-l","biorep4",1.72791519434629e-06,"Single","Light","C",-0.168651807208234,-0.0217066509283746,-0.00882385038700615,0.539796184673021,0.0436545364779494,0.548620035060027
"192","XC.5-m","biorep4",1.88369781312127e-06,"Single","Dark","C",0.397568392601337,0.130682727340532,-0.376460467168148,0.0476244367593039,0.00390506934036893,0.424084903927452
"193","XD.1-l","biorep4",1.88918814928819e-06,"Single","Light","D",-0.176087287401275,0.167720079250369,-0.00293529102454687,0.416950765425977,0.033835213151526,0.419886056450524
"194","XD.1-m","biorep4",1.47381756756757e-06,"Single","Dark","D",0.404193454925129,0.0518730790523926,-0.495431279129588,0.282663212582727,0.0230242760879949,0.778094491712314
"195","XD.2-l","biorep4",2.56637168141593e-06,"Single","Light","D",-0.177055996925984,0.142244357544474,0.00292933103867155,-0.0191483493806963,-0.00157309480681589,-0.022077680419368
"196","XD.2-m","biorep4",1.86357556843513e-06,"Single","Dark","D",0.454524203332248,0.117810254308837,-0.235155373258357,0.204423752040049,0.0166879866312393,0.439579125298406
"197","XD.3-l","biorep4",2.13121783876501e-06,"Single","Light","D",-0.162161425430223,0.129742206360674,0.0145875362230464,0.260561920154273,0.021237202532841,0.245974383931227
"198","XD.3-m","biorep4",2.54071661237785e-06,"Single","Dark","D",0.350294049077566,0.0814190252026952,-0.335184191589629,-0.342767212788682,-0.0284221555518129,-0.00758302119905262
"199","XD.4-l","biorep4",2.55075481520042e-06,"Single","Light","D",-0.245847749629039,0.16240413968714,-0.00587656633666926,-0.0191483493806963,-0.00157309480681589,-0.0132717830440271
"200","XD.4-m","biorep4",2.45703373647358e-06,"Single","Dark","D",0.270442551257628,0.119191427335154,-0.350057468071159,-0.309322687752027,-0.0256241630415334,0.0407347803191322
"201","XD.5-l","biorep4",2.68398268398268e-06,"Single","Light","D",0.0693802414651051,0.213565458081715,0.0116818050476352,-0.0750411116301658,-0.00617468933885616,-0.0867229166778012
"202","XD.5-m","biorep4",2.66990291262136e-06,"Single","Dark","D",0.351191415378759,0.328670402950769,-0.353799869756976,-0.432934703805401,-0.035992779989637,-0.0791348340484248
"203","XE.1-l","biorep4",8.93766461808604e-06,"Single","Light","E",0.0313302010769051,0.0220721941726477,0.0490073407364556,-1.77323812133811,-0.153479378221788,-1.82224546207457
"204","XE.1-m","biorep4",2.37037037037037e-06,"Single","Dark","E",-0.115154111230987,-0.133733557961595,-0.135159583281636,-0.0426196339377883,-0.00350367460652771,0.0925399493438472
"205","XE.2-l","biorep4",2.5026455026455e-06,"Single","Light","E",-0.183607957396148,-0.198174691882103,-0.0568181319998448,-0.0426196339377883,-0.00350367460652771,0.0141984980620563
"206","XE.2-m","biorep4",2.44973544973545e-06,"Single","Dark","E",-0.0735401753028749,-0.0467997858171813,-0.0876461220790033,-0.0426196339377883,-0.00350367460652771,0.0450264881412151
"207","XE.3-l","biorep4",2.60846560846561e-06,"Single","Light","E",-0.243615348460268,0.0556640069536299,0.00292933103867155,-0.0426196339377883,-0.00350367460652771,-0.0455489649764599
"208","XE.3-m","biorep4",1.894397420395e-06,"Single","Dark","E",-0.15889114326277,-0.0171313680205266,-0.0659975587742403,0.349915866846208,0.0284486363993899,0.415913425620448
"209","XE.4-l","biorep4",1.68162983425414e-06,"Single","Light","E",-0.13025462672984,-0.177886160459192,-0.0147365432568977,0.573055734036982,0.0463015938510883,0.58779227729388
"210","XE.4-m","biorep4",1.73639392817475e-06,"Single","Dark","E",0.0371079770276146,-0.120084554264019,-0.0690703928238633,0.472487771462744,0.0382826958381051,0.541558164286607
"211","XE.5-l","biorep4",1.65530671859786e-06,"Single","Light","E",-0.106281993784959,-0.237333464449194,0.0518389315196181,0.662392813993128,0.0533877932724855,0.61055388247351
"212","XE.5-m","biorep4",2.25011410314925e-06,"Single","Dark","E",0.0826483109658384,-0.146165971272433,0.00292933103867155,0.170583615943999,0.0139387694420083,0.167654284905328
"213","XYA.1-m","biorep4",1.71893608574831e-06,"Coc","Dark","A",-0.0793066621734029,-0.0927170320302247,-0.184291290612515,0.371845253688018,0.0302129826126548,0.556136544300533
"214","XYA.2-l","biorep4",2.1039603960396e-06,"Coc","Light","A",0.0644944712920003,-0.219095458583155,0.0518389315196181,0.316383830426728,0.025746610735276,0.264544898907109
"215","XYA.2-m","biorep4",1.46737433655948e-06,"Coc","Dark","A",-0.01571915469243,0.101118657538489,-0.0659975587742403,0.71841792972846,0.0578140016475383,0.784415488502701
"216","XYA.3-l","biorep4",2.90178571428571e-06,"Coc","Light","A",0.071579888724409,-0.189872993832161,0.0798533076892146,-0.119435230988619,-0.00984009963926479,-0.199288538677834
"217","XYA.3-m","biorep4",1.2379679144385e-06,"Coc","Dark","A",0.101352162858217,0.186104094414945,-0.0876461220790033,0.942032401728776,0.0753464027622927,1.02967852380778
"218","XYA.4-l","biorep4",2.65495867768595e-06,"Coc","Light","A",0.0106998795029928,-0.0200415762405935,0.0631100438546382,-0.00792691577162885,-0.000651012051748058,-0.0710369596262671
"219","XYA.5-l","biorep4",3.03149606299213e-06,"Coc","Light","A",0.229383970496781,0.0439387353681937,0.131626957413266,-0.130750544216453,-0.010775842199345,-0.262377501629719
"220","XYB.1-l","biorep4",3.49488054607509e-06,"Coc","Light","B",0.0857320421235927,-0.064760314264661,0.0574854946607603,-0.410105203736613,-0.0340722150201993,-0.467590698397373
"221","XYB.1-m","biorep4",1.0366870483602e-06,"Coc","Dark","B",0.226709857496841,0.215045196288283,-0.399482685084002,0.886189318205259,0.0709879684016324,1.28567200328926
"222","XYB.2-m","biorep4",1.27861347285808e-06,"Coc","Dark","B",0.29455316903916,0.259226822023387,-0.331489708031887,0.651582538314581,0.0525321730887044,0.983072246346469
"223","XYB.3-l","biorep4",2.21689895470383e-06,"Coc","Light","B",0.0403880272185718,0.0949976007179881,0.0490073407364556,0.238116773629465,0.0194200570856891,0.189109432893009
"224","XYB.3-m","biorep4",1.35683760683761e-06,"Coc","Dark","B",0.318621299172978,0.185802147756933,-0.368867317845918,0.528537067258337,0.042757345581227,0.897404385104255
"225","XYB.4-l","biorep4",1.56558998022413e-06,"Coc","Light","B",0.128036200860425,0.0817602827297231,-0.0507308021209297,0.64021521720081,0.0516319157604016,0.69094601932174
"226","XYB.4-m","biorep4",1.32498352010547e-06,"Coc","Dark","B",0.369188111883399,0.272429304168042,-0.291462814160311,0.64021521720081,0.0516319157604016,0.931678031361121
"227","XYB.5-l","biorep4",1.18034447821682e-06,"Coc","Light","B",0.109396807351965,0.0143190500365178,-0.0783283606849595,1.02011612141017,0.0814186784216033,1.09844448209513
"228","XYB.5-m","biorep4",1.42712550607287e-06,"Coc","Dark","B",0.396961895829957,0.18940186219791,-0.21800065221929,0.606539579259611,0.0489616054201362,0.824540231478901
"229","XYC.1-l","biorep4",1.27090301003344e-06,"Coc","Light","C",0.24961027790492,0.0167595377524742,0.00585272624543789,0.997651239292974,0.0796742867210188,0.991798513047536
"230","XYC.1-m","biorep4",3.49779735682819e-06,"Coc","Dark","C",0.344100027568972,0.145881271313254,-0.309519308196282,-0.778313570867946,-0.0653646006339318,-0.468794262671664
"231","XYC.2-l","biorep4",1.33954571927781e-06,"Coc","Light","C",0.0869900946266279,0.206174839923465,-0.0970244543948645,0.818884170955911,0.0657173856962025,0.915908625350775
"232","XYC.2-m","biorep4",1.64533250078052e-06,"Coc","Dark","C",0.317119302224365,0.191243168758738,0.0991446462979749,0.71841792972846,0.0578140016475383,0.619273283430485
"233","XYC.3-m","biorep4",1.60337552742616e-06,"Coc","Dark","C",0.105711152454162,0.111817185880794,0.00585272624543789,0.662392813993128,0.0533877932724855,0.65654008774769
"234","XYC.4-l","biorep4",1.39559564871319e-06,"Coc","Light","C",0.154375320642297,0.100646697525931,0.0964044839530625,0.953175926618133,0.0762145575901453,0.856771442665071
"235","XYC.4-m","biorep4",4.42790697674419e-06,"Coc","Dark","C",0.207597745333802,0.242767842223167,-0.0476967420312965,-0.856669208569401,-0.0721121951212286,-0.808972466538104
"236","XYC.5-l","biorep4",2.10546723536254e-06,"Coc","Light","C",0.216408536322123,0.172816997207507,0.142293882465122,0.405805904742991,0.0329410626850778,0.263512022277869
"237","XYC.5-m","biorep4",1.54589371980676e-06,"Coc","Dark","C",0.345600021552846,0.480533581651129,-0.483082886701943,0.226128423090399,0.0184485489690657,0.709211309792342
"238","XYE.1-l","biorep4",1.96223620881155e-06,"Coc","Light","E",0.0369155142807728,0.00742609056041677,0.107334044111322,0.472487771462744,0.0382826958381051,0.365153727351422
"239","XYE.1-m","biorep4",1.88844971453667e-06,"Coc","Dark","E",0.357561855989008,0.433231380641573,-0.19432165574978,0.226128423090399,0.0184485489690657,0.420450078840179
"240","XYE.2-l","biorep4",2.86796536796537e-06,"Coc","Light","E",0.116051074422542,0.0578131105839933,0.107334044111322,-0.0750411116301658,-0.00617468933885616,-0.182375155741488
"241","XYE.2-m","biorep4",1.3225371120108e-06,"Coc","Dark","E",0.306183402720643,0.360542241578266,-0.327804661224032,0.606539579259611,0.0489616054201362,0.934344240483642
"242","XYE.3-l","biorep4",1.88479766678819e-06,"Coc","Light","E",0.0912302058119555,-0.0707238580791523,0.0715059649756947,0.494748753802054,0.0400615449685951,0.423242788826359
"243","XYE.3-m","biorep4",1.45864661654135e-06,"Coc","Dark","E",0.17690723766967,0.376364761476318,-0.342601663152112,0.450420377342329,0.036517148658378,0.793022040494441
"244","XYE.4-m","biorep4",1.83559084539935e-06,"Coc","Dark","E",0.173656275243247,0.490829620603763,-0.324129003080633,0.137278927339286,0.0112279277920396,0.46140793041992
"245","XYE.5-m","biorep4",1.78177810433505e-06,"Coc","Dark","E",0.663976611131793,-0.0357397301477603,-0.0206735682647499,0.483661198457771,0.0391758255166071,0.504334766722521
"247","XA.1-l","biorep5",3.73801916932907e-06,"Single","Light","A",-0.0400680689884793,0.233511785513111,-0.0455146592523686,-0.0272053147333757,-0.00231591873366368,0.0183093445189931
"248","XA.1-m","biorep5",3.07580174927114e-06,"Single","Dark","A",0.0501353995937489,0.0174725475699097,-0.194780190128588,0.104840604506818,0.00889020442713419,0.299620794635407
"249","XA.2-l","biorep5",4.16126042632067e-06,"Single","Light","A",-0.160309255958657,0.348629006364642,-0.105307744094626,-0.241745012177977,-0.0207105709648265,-0.136437268083351
"250","XA.2-m","biorep5",2.48005319148936e-06,"Single","Dark","A",0.0798166109886539,-0.058303049544875,-0.372847558580535,0.237364690011643,0.0200500662106052,0.610212248592179
"251","XA.3-l","biorep5",3.14572089437163e-06,"Single","Light","A",-0.14195485662411,0.139722239192286,-0.243454036864278,0.0237386025857055,0.0020177736051445,0.267192639449983
"252","XA.3-m","biorep5",2.71826625386997e-05,"Single","Dark","A",0.20310950895111,-0.110166640341468,-0.137802249300415,-2.98183380697207,-0.278941462386121,-2.84403155767165
"253","XA.4-l","biorep5",7.05560912889746e-06,"Single","Light","A",-0.168581226103633,0.0710846616961395,-0.137802249300415,-1.03598957701897,-0.0909264706067966,-0.898187327718559
"254","XA.5-l","biorep5",3.13935681470138e-06,"Single","Light","A",-0.192910562121056,0.0848625387630371,-0.236399279330327,0.033715019880437,0.00286492437223085,0.270114299210764
"255","XB.1-l","biorep5",6.22091219360844e-06,"Single","Light","B",-0.261187169161864,0.0606408149626758,-0.268420952380853,-0.984963783493811,-0.0863113022049014,-0.716542831112958
"256","XB.2-l","biorep5",7.3689109525287e-06,"Single","Light","B",-0.239885676239556,0.0208622234295179,-0.024095675617463,-0.984963783493811,-0.0863113022049014,-0.960868107876348
"257","XB.4-m","biorep5",4.20098846787479e-06,"Single","Dark","B",0.0990843924193337,0.115207524121708,0.0784740580230848,-0.0716714554103118,-0.0061092297396461,-0.150145513433397
"258","XB.5-l","biorep5",4.14332784184514e-06,"Single","Light","B",0.00505971848847452,0.329068892142559,0.0585352109697538,-0.0716714554103118,-0.0061092297396461,-0.130206666380066
"259","XB.5-m","biorep5",3.95387149917628e-06,"Single","Dark","B",0.152644465751652,0.123815713453842,-0.00898878322725465,-0.0716714554103118,-0.0061092297396461,-0.062682672183057
"260","XC.1-l","biorep5",3.23723228995058e-06,"Single","Light","C",0.054380262573108,-0.124154568896487,-0.297493876577167,-0.0716714554103118,-0.0061092297396461,0.225822421166855
"261","XC.1-m","biorep5",4.54722492697176e-06,"Single","Dark","C",0.37265494509306,0.266567166464448,-0.0486006391261111,-0.313003695347799,-0.0268725535081937,-0.264403056221688
"262","XC.2-l","biorep5",2.39692522711391e-06,"Single","Light","C",-0.415601617684084,0.488370959178247,-0.493814612662961,0.165583795060674,0.0140161106262169,0.659398407723635
"263","XC.2-m","biorep5",3.37615988579586e-06,"Single","Dark","C",0.313009585306539,0.0695093083396664,-0.0301830054963779,0.135017078764824,0.0114389684137758,0.165200084261202
"264","XC.3-l","biorep5",3.5054347826087e-06,"Single","Light","C",-0.0835280678612296,0.114009664071449,0.095347876587481,0.206337794391019,0.0174450182672806,0.110989917803538
"265","XC.3-m","biorep5",3.21081830790569e-06,"Single","Dark","C",0.321085953618711,-0.0588685061627253,-0.0610109955755367,0.176631287574828,0.0149464158106144,0.237642283150365
"266","XC.4-l","biorep5",3.01204819277108e-06,"Single","Light","C",-0.145198483438119,0.28022878390577,0.0499049058263139,0.379743364568293,0.0319443638376526,0.329838458741979
"267","XC.4-m","biorep5",2.91700903861956e-06,"Single","Dark","C",0.498579636877456,-0.135734118773291,-0.444204164443729,-0.0681107089522656,-0.0058051024698593,0.376093455491463
"268","XC.5-l","biorep5",2.49847281612706e-06,"Single","Light","C",-0.200828698175736,0.0662819386751684,-0.239922345894024,0.359614444808159,0.030268736385229,0.599536790702184
"269","XC.5-m","biorep5",3.46938775510204e-06,"Single","Dark","C",0.532304923294389,-0.075278400106553,-0.0210616155278297,0.104840604506818,0.00889020442713419,0.125902220034648
"270","XD.1-l","biorep5",1.89166314007617e-06,"Single","Light","D",0.182738038556639,-0.0228059012526455,-0.111748357652455,0.889179752307853,0.0737170299311568,1.00092810996031
"271","XD.1-m","biorep5",2.88876591034864e-06,"Single","Dark","D",0.720259969513596,0.216234349036456,0.112026617734111,0.502156629198606,0.042092934696277,0.390130011464494
"272","XD.2-l","biorep5",2.6791277258567e-06,"Single","Light","D",0.0777485443757075,-0.0289769352364347,0.095347876587481,0.594167826177465,0.0496743250658198,0.498819949589984
"273","XD.2-m","biorep5",4.07894736842105e-06,"Single","Dark","D",0.565705302567607,0.118254554181402,-0.154328146391294,-0.261941726164804,-0.0224543790566901,-0.10761357977351
"274","XD.3-l","biorep5",3.88888888888889e-06,"Single","Light","D",-0.0127071658118402,-0.169308706594325,-0.131244533278253,-0.170019236723765,-0.014534662021636,-0.0387747034455124
"275","XD.3-m","biorep5",4.62116595571806e-06,"Single","Dark","D",0.508926361329199,0.167787156058561,-0.0861566437497144,-0.373830232318487,-0.0321533345165888,-0.287673588568773
"276","XD.4-l","biorep5",5.25093964183064e-06,"Single","Light","D",0.234816382106527,-0.0404429382164627,-0.024095675617463,-0.496087975921945,-0.042826222739402,-0.471992300304482
"277","XE.1-m","biorep5",3.91268533772652e-06,"Single","Dark","E",-0.0618874517907167,-0.0128323759137081,-0.024095675617463,-0.0716714554103118,-0.0061092297396461,-0.0475757797928487
"278","XE.2-l","biorep5",4.02800658978583e-06,"Single","Light","E",-0.129469996356138,-0.1258270628874,0.0178112761164606,-0.0716714554103118,-0.0061092297396461,-0.0894827315267723
"279","XE.2-m","biorep5",3.17957166392092e-06,"Single","Dark","E",0.00691164697196198,0.0736703108913376,-0.323422341567693,-0.0716714554103118,-0.0061092297396461,0.251750886157381
"280","XE.3-l","biorep5",3.12191103789127e-06,"Single","Light","E",0.0019052523561145,-0.0232139324373691,-0.349825340664681,-0.0716714554103118,-0.0061092297396461,0.27815388525437
"281","XE.3-m","biorep5",3.2561505065123e-06,"Single","Dark","E",-0.122664607072,-0.267861400255379,-0.102098187618736,0.115317738722265,0.00977563403309589,0.217415926341001
"282","XE.4-l","biorep5",3.36092715231788e-06,"Single","Light","E",0.180131248970991,0.292857935915636,-0.250543461650597,-0.078819422340915,-0.00671993905017832,0.171724039309682
"283","XE.4-m","biorep5",2.75954814416353e-06,"Single","Dark","E",0.265425719908275,-0.21963602776511,0.086935636771281,0.543086893253488,0.0454703610309546,0.456151256482207
"284","XE.5-l","biorep5",2.70021261516655e-06,"Single","Light","E",0.0819734755193278,0.181549077069868,-0.342232191342451,0.14527811093127,0.0123046103847245,0.487510302273721
"285","XE.5-m","biorep5",3.0359355638166e-06,"Single","Dark","E",0.132972861005035,-0.453055107473114,0.0207585601667975,0.339200701611786,0.0285674088653674,0.318442141444989
"286","XYA.1-m","biorep5",2.58203335126412e-06,"Coc","Dark","A",-0.0318973019963192,-0.0864959842247734,-0.00898878322725465,0.543086893253488,0.0454703610309546,0.552075676480743
"287","XYA.2-l","biorep5",2.78688524590164e-06,"Coc","Light","A",0.103810952437582,-0.527463227452646,0.0295644575421383,0.471494171024465,0.0395575824102166,0.441929713482326
"288","XYA.2-m","biorep5",2.64721485411141e-06,"Coc","Dark","A",0.0443753947538298,0.00712474424436819,0.0470166265014874,0.563124646490033,0.0471209298999819,0.516108019988545
"289","XYA.3-l","biorep5",3.77386196769457e-06,"Coc","Light","A",0.182446358459759,-0.390882373863877,0.0897451703581052,0.0942868263460772,0.00799774785626797,0.0045416559879724
"290","XYA.3-m","biorep5",2.19112355057977e-06,"Coc","Dark","A",0.230459334643144,0.0813484247959921,0.182152704124754,0.971065180514976,0.0803200464315245,0.788912476390222
"291","XYA.4-l","biorep5",3.05753070458953e-06,"Coc","Light","A",0.166992148973172,-0.44218153657471,-0.0301830054963779,0.278033319783042,0.0234575352623836,0.30821632527942
"292","XYA.5-l","biorep5",4.95098039215686e-06,"Coc","Light","A",0.154758253235906,-0.407314980304755,0.0642601988033839,-0.322870724807136,-0.0277278676015309,-0.38713092361052
"293","XYB.1-m","biorep5",2.28468282619907e-06,"Coc","Dark","B",0.386393112293046,-0.039068110443432,-0.124716490280755,0.603872926440798,0.0504716724497968,0.728589416721554
"294","XYB.2-m","biorep5",2.2447992259313e-06,"Coc","Dark","B",0.391429603870938,0.110363899186442,-0.0578983837082009,0.696098511759454,0.0580267913802744,0.753996895467654
"295","XYB.3-l","biorep5",2.67866884888161e-06,"Coc","Light","B",0.161305724860367,0.135200783145852,0.0236998354789201,0.522766908873892,0.0437946132409698,0.499067073394972
"296","XYB.3-m","biorep5",2.39273094396769e-06,"Coc","Dark","B",0.349791022585615,0.0743509480014109,-0.0271361299375141,0.634789003223492,0.0530087281164813,0.661925133161007
"297","XYB.4-l","biorep5",1.75917215428034e-06,"Coc","Light","B",-0.00525922115592553,0.0729994165924968,-0.368984918948137,0.736701719865111,0.0613405030169577,1.10568663881325
"298","XYB.4-m","biorep5",2.32080200501253e-06,"Coc","Dark","B",0.4438541945245,0.228671760501034,-0.0610109955755367,0.644948869443714,0.0538415007572834,0.705959865019251
"299","XYB.5-l","biorep5",1.85125949620152e-06,"Coc","Light","B",0.20070961540242,0.339027561179062,-0.0610109955755367,0.971065180514976,0.0803200464315245,1.03207617609051
"300","XYB.5-m","biorep5",2.75041505257333e-06,"Coc","Dark","B",0.409958514294713,0.156187978098083,0.0412226627265132,0.502156629198606,0.042092934696277,0.460933966472093
"301","XYC.1-l","biorep5",2.2855898998694e-06,"Coc","Light","C",0.246123331163387,0.383227730893301,0.120294233717712,0.84831097971193,0.0704101439132652,0.728016745994218
"302","XYC.1-m","biorep5",2.55956017104459e-06,"Coc","Dark","C",0.478889045710966,0.254172880204393,-0.205072945136421,0.359614444808159,0.030268736385229,0.564687389944581
"303","XYC.2-l","biorep5",1.92924722336487e-06,"Coc","Light","C",0.2598108561314,0.453185758975736,-0.0424352663203966,0.930110016362735,0.0770213118787803,0.972545282683132
"304","XYC.2-m","biorep5",3.00936768149883e-06,"Coc","Dark","C",0.268649658417609,0.240379184778543,0.0897451703581052,0.420868097954496,0.0353617451673059,0.331122927596392
"305","XYC.4-l","biorep5",1.38307030129125e-06,"Coc","Light","C",0.164200339354164,0.153758705855286,-0.0029900426058116,1.44971877908979,0.118324182391882,1.4527088216956
"306","XYC.5-l","biorep5",2.5103638876094e-06,"Coc","Light","C",0.290225201139842,0.242266408739224,0.174233040828516,0.76691984894915,0.0638017362065935,0.592686808120635
"307","XYC.5-m","biorep5",2.98865910607071e-06,"Coc","Dark","C",0.17080750647922,0.324909173937177,-0.108524456778169,0.232560506281866,0.0196470099895974,0.341084963060035
"308","XYE.1-l","biorep5",2.45674740484429e-06,"Coc","Light","E",0.122768535233466,-0.400546614930688,0.0412226627265132,0.665056442892289,0.0554882402529831,0.623833780165776
"309","XYE.1-m","biorep5",2.90860573715811e-06,"Coc","Dark","E",0.392388015648571,0.3279367681646,-0.147695054058847,0.232560506281866,0.0196470099895974,0.380255560340713
"310","XYE.2-l","biorep5",4.07874015748032e-06,"Coc","Light","E",0.0277933176128782,-0.254401604358146,0.100928908850781,-0.00661138000646575,-0.000562467980617055,-0.107540288857246
"311","XYE.2-m","biorep5",2.59683578832515e-06,"Coc","Dark","E",0.231111419153571,0.236847617481733,-0.0210616155278297,0.522766908873892,0.0437946132409698,0.543828524401722
"312","XYE.3-m","biorep5",3.02970297029703e-06,"Coc","Dark","E",0.263063684240012,0.196041209954821,-0.0735290354219652,0.247877916694319,0.0209317009177863,0.321406952116285
"313","XYE.4-m","biorep5",3.38994565217391e-06,"Coc","Dark","E",0.31101726240235,0.177863907219577,0.0470166265014874,0.206337794391019,0.0174450182672806,0.159321167889531
"314","XYE.5-m","biorep5",3.3695652173913e-06,"Coc","Dark","E",0.323007862994895,0.141343848009282,-0.154328146391294,0.0136927164486229,0.00116422091671919,0.168020862839917
"316","XA.1-l","biorep6",6.55087785538984e-06,"Single","Light","A",-0.0400680689884793,0.233511785513111,-0.18934986634249,-0.907102416218345,-0.0810715298285828,-0.717752549875855
"317","XA.1-m","biorep6",2.60683760683761e-06,"Single","Dark","A",0.0501353995937489,0.0174725475699097,-0.375476286470502,0.236158699842399,0.0203797841359567,0.611634986312901
"318","XA.2-l","biorep6",3.19444444444444e-06,"Single","Light","A",-0.160309255958657,0.348629006364642,-0.104579762863738,0.213790886813945,0.0184618046633634,0.318370649677682
"319","XA.2-m","biorep6",2.47118155619597e-06,"Single","Dark","A",0.0798166109886539,-0.058303049544875,-0.206076952747938,0.482657737949893,0.0413492306763004,0.688734690697831
"320","XA.3-l","biorep6",4.10775910052321e-06,"Single","Light","A",-0.14195485662411,0.139722239192286,-0.100664712860354,-0.145080590986379,-0.0126642883856711,-0.0444158781260248
"321","XA.3-m","biorep6",2.44623655913978e-06,"Single","Dark","A",0.20310950895111,-0.110166640341468,-0.120347078722054,0.583024696479664,0.0498008008246091,0.703371775201718
"322","XA.4-l","biorep6",2.31462231462231e-06,"Single","Light","A",-0.168581226103633,0.0710846616961395,-0.244437426446698,0.538721469862831,0.046076274884894,0.783158896309529
"323","XA.4-m","biorep6",2.47118155619597e-06,"Single","Dark","A",-2.2975095357701,-2.02550444782512,-0.206076952747938,0.482657737949893,0.0413492306763004,0.688734690697831
"324","XA.5-l","biorep6",5.52660666350861e-06,"Single","Light","A",-0.192910562121056,0.0848625387630371,-0.176930607088422,-0.649388845447418,-0.0575715733456015,-0.472458238358996
"325","XA.5-m","biorep6",4.68569965433363e-06,"Single","Dark","A",-2.35176059810465,-1.88406049775228,-0.112441880636708,-0.346770664234566,-0.0304568654816404,-0.234328783597858
"326","XB.1-l","biorep6",5.62860808210391e-06,"Single","Light","B",-0.261187169161864,0.0606408149626758,-0.17281449861619,-0.671656996817945,-0.0595870834002779,-0.498842498201755
"327","XB.1-m","biorep6",5.35334584115072e-06,"Single","Dark","B",-2.4367169410563,-2.04274436061764,0.113325267480396,-0.313179891148036,-0.0274783028382846,-0.426505158628432
"328","XB.2-l","biorep6",9.99488752556237e-06,"Single","Light","B",-0.239885676239556,0.0208622234295179,-0.0171169216133982,-1.3443715545635,-0.121841703827545,-1.3272546329501
"329","XB.2-m","biorep6",4.147652367914e-06,"Single","Dark","B",-4.19441307742606,-1.53321835269148,0.0478153140209983,-0.0105439677142638,-0.000916660961071477,-0.058359281735262
"330","XB.3-l","biorep6",7.45861733203505e-06,"Single","Light","B",-0.129324747481189,-0.000549774108909508,-0.0469411369957934,-0.951913648310172,-0.085197056104465,-0.904972511314379
"331","XB.3-m","biorep6",7.1003717472119e-06,"Single","Dark","B",-7.2879656261084,1.7444007135336,-0.0507128908850018,-0.884671752071744,-0.0790108828132182,-0.833958861186742
"332","XB.4-l","biorep6",7.34543970618241e-06,"Single","Light","B",-0.0612529969285095,0.134978244242272,-0.136288622591076,-1.01920177810597,-0.0914141505028942,-0.882913155514898
"333","XB.4-m","biorep6",3.57593123209169e-06,"Single","Dark","B",0.0990843924193337,0.115207524121708,-0.342739500058502,-0.187122793531353,-0.0163550831592929,0.155616706527149
"334","XB.5-l","biorep6",3.08309455587393e-06,"Single","Light","B",0.00505971848847452,0.329068892142559,-0.556679356364126,-0.187122793531353,-0.0163550831592929,0.369556562832773
"335","XB.5-m","biorep6",3.9541547277937e-06,"Single","Dark","B",0.152644465751652,0.123815713453842,-0.197689167255219,-0.187122793531353,-0.0163550831592929,0.0105663737238661
"336","XC.1-l","biorep6",4.11461318051576e-06,"Single","Light","C",0.054380262573108,-0.124154568896487,-0.140301685097699,-0.187122793531353,-0.0163550831592929,-0.046821108433654
"337","XC.1-m","biorep6",4.35085762097336e-06,"Single","Dark","C",0.37265494509306,0.266567166464448,-0.342739500058502,-0.470103607259253,-0.0414460944790839,-0.127364107200751
"338","XC.2-l","biorep6",2.67354596622889e-06,"Single","Light","C",-0.415601617684084,0.488370959178247,-0.473323609868647,0.101857608130808,0.00882533411020528,0.575181217999455
"339","XC.2-m","biorep6",4.14126016260163e-06,"Single","Dark","C",0.313009585306539,0.0695093083396664,-0.279413564689673,-0.33554770417649,-0.0294610184036389,-0.0561341394868173
"340","XC.3-l","biorep6",3.42883548983364e-06,"Single","Light","C",-0.0835280678612296,0.114009664071449,-0.0928663422999473,0.123350669198448,0.0106806975605121,0.216217011498395
"341","XC.3-m","biorep6",3.58933454876937e-06,"Single","Dark","C",0.321085953618711,-0.0588685061627253,-0.328933700533472,-0.178714399112537,-0.015616172505143,0.150219301420934
"342","XC.4-l","biorep6",3.25506072874494e-06,"Single","Light","C",-0.145198483438119,0.28022878390577,0.0229099722581783,0.314161211843672,0.0270484084665347,0.291251239585494
"343","XC.4-m","biorep6",4.57891637220259e-06,"Single","Dark","C",0.498579636877456,-0.135734118773291,-0.347370948790148,-0.548441465962691,-0.0484698870239318,-0.201070517172544
"344","XC.5-l","biorep6",2.78e-06,"Single","Light","C",-0.200828698175736,0.0662819386751684,0.0757618545239131,0.594612670754876,0.05077340536432,0.518850816230962
"345","XC.5-m","biorep6",3.96415392725356e-06,"Single","Dark","C",0.532304923294389,-0.075278400106553,-0.0735528672431132,-0.0666301512168921,-0.00580243875045194,0.00692271602622103
"346","XD.1-l","biorep6",1.37858347386172e-06,"Single","Light","D",0.182738038556639,-0.0228059012526455,-0.274994893422668,1.25575417991764,0.105205888529352,1.5307490733403
"347","XD.1-m","biorep6",3.55023200604295e-06,"Single","Dark","D",0.720259969513596,0.216234349036456,-0.266197945185509,-0.100175553166936,-0.00873257197646476,0.166022392018573
"348","XD.2-l","biorep6",3.01346801346801e-06,"Single","Light","D",0.0777485443757075,-0.0289769352364347,-0.144325941656494,0.258185006172398,0.0222659918628728,0.402510947828892
"349","XD.2-m","biorep6",5.3953753925207e-06,"Single","Dark","D",0.565705302567607,0.118254554181402,-0.0658992946996779,-0.503686936713667,-0.0444529978891385,-0.437787642013989
"350","XD.3-l","biorep6",3.98947829899167e-06,"Single","Light","D",-0.0127071658118402,-0.169308706594325,-0.120347078722054,-0.122611478203593,-0.0106956379181583,-0.00226439948153837
"351","XD.3-m","biorep6",5.80095795635977e-06,"Single","Dark","D",0.508926361329199,0.167787156058561,-0.274994893422668,-0.817350357374518,-0.0728438551837384,-0.542355463951851
"352","XD.4-l","biorep6",4.30668841761827e-06,"Single","Light","D",0.234816382106527,-0.0404429382164627,0.00121490115885927,-0.11142835021643,-0.00971681895982327,-0.112643251375289
"353","XD.4-m","biorep6",4.21861409104088e-06,"Single","Dark","D",0.597825570279899,0.487812229838831,-0.443266376012467,-0.526099796054876,-0.0464632391938655,-0.0828334200424099
"354","XD.5-l","biorep6",4.68859342197341e-06,"Single","Light","D",0.210512062225562,0.305367437545091,0.0229099722581783,-0.212309507698757,-0.0185707018999696,-0.235219479956936
"355","XD.5-m","biorep6",9.8986975397974e-06,"Single","Dark","D",0.507528763833621,0.185048029353248,-0.210289204034853,-1.52359221424011,-0.138890604157311,-1.31330301020526
"356","XE.1-l","biorep6",1.58372827804107e-05,"Single","Light","E",0.158951256169748,-0.0816234527744623,0.0193167075341698,-1.97200052008739,-0.182450874670289,-1.99131722762156
"357","XE.1-m","biorep6",4.11461318051576e-06,"Single","Dark","E",-0.0618874517907167,-0.0128323759137081,-0.140301685097699,-0.187122793531353,-0.0163550831592929,-0.046821108433654
"358","XE.2-l","biorep6",4.17191977077364e-06,"Single","Light","E",-0.129469996356138,-0.1258270628874,-0.120347078722054,-0.187122793531353,-0.0163550831592929,-0.066775714809299
"359","XE.2-m","biorep6",3.94269340974212e-06,"Single","Dark","E",0.00691164697196198,0.0736703108913376,-0.201876964218653,-0.187122793531353,-0.0163550831592929,0.0147541706872997
"360","XE.3-l","biorep6",4.32091690544413e-06,"Single","Light","E",0.0019052523561145,-0.0232139324373691,-0.0697210056520862,-0.187122793531353,-0.0163550831592929,-0.117401787879267
"361","XE.3-m","biorep6",3.35978835978836e-06,"Single","Dark","E",-0.122664607072,-0.267861400255379,-0.0544945314274285,0.191070810313861,0.0165110056451009,0.24556534174129
"362","XE.4-l","biorep6",3.16476345840131e-06,"Single","Light","E",0.180131248970991,0.292857935915636,-0.0282288767336228,0.303609149062414,0.0261480878536495,0.331838025796037
"363","XE.4-m","biorep6",4.40106692531523e-06,"Single","Dark","E",0.265425719908275,-0.21963602776511,-0.124315980925,-0.268233592147622,-0.0235024173578122,-0.143917611222622
"364","XE.5-l","biorep6",3.04517133956386e-06,"Single","Light","E",0.0819734755193278,0.181549077069868,-0.0171169216133982,0.370295372493935,0.0318284524034496,0.387412294107334
"365","XE.5-m","biorep6",4.84864369021098e-06,"Single","Dark","E",0.132972861005035,-0.453055107473114,-0.0967602584044384,-0.380405798264586,-0.0334455361366211,-0.283645539860147
"366","XYA.1-m","biorep6",3.64717542120912e-06,"Coc","Dark","A",-0.0318973019963192,-0.0864959842247734,-0.104579762863738,0.0225763444779896,0.00196076330182401,0.127156107341727
"367","XYA.2-l","biorep6",3.94046471784988e-06,"Coc","Light","A",0.103810952437582,-0.527463227452646,-0.104579762863738,-0.0890098473253942,-0.00775660584427725,0.0155699155383435
"368","XYA.2-m","biorep6",2.47191011235955e-06,"Coc","Dark","A",0.0443753947538298,0.00712474424436819,-0.261819504674935,0.426489911946549,0.0365978270835413,0.688309416621483
"369","XYA.3-l","biorep6",5.15016133035493e-06,"Coc","Light","A",0.182446358459759,-0.390882373863877,0.0688258073135366,-0.301856119367131,-0.0264755851567594,-0.370681926680668
"370","XYA.3-m","biorep6",2.47536231884058e-06,"Coc","Dark","A",0.230459334643144,0.0813484247959921,0.10995054069974,0.796246531924526,0.0675928562929318,0.686295991224786
"371","XYA.4-l","biorep6",5.79352004393191e-06,"Coc","Light","A",0.166992148973172,-0.44218153657471,0.0929574697864345,-0.447547002538892,-0.0394299880167362,-0.540504472325327
"372","XYA.5-l","biorep6",6.23598026020637e-06,"Coc","Light","A",0.154758253235906,-0.407314980304755,0.0757618545239131,-0.570918807534821,-0.0504915408564307,-0.646680662058735
"373","XYB.1-l","biorep6",5.54675118858954e-06,"Coc","Light","B",0.0826556682255841,-0.138034662356864,0.086103798745372,-0.391603513812025,-0.0344418913624137,-0.477707312557397
"374","XYB.1-m","biorep6",2.52075471698113e-06,"Coc","Dark","B",0.386393112293046,-0.039068110443432,-0.244437426446698,0.415642529709556,0.0356784091222418,0.660079956156254
"375","XYB.2-m","biorep6",3.59568073026828e-06,"Coc","Dark","B",0.391429603870938,0.110363899186442,-0.292751364226826,-0.145080590986379,-0.0126642883856711,0.147670773240446
"376","XYB.3-l","biorep6",2.98882681564246e-06,"Coc","Light","B",0.161305724860367,0.135200783145852,-0.301712231798447,0.112644163357045,0.00975676917459442,0.414356395155492
"377","XYB.3-m","biorep6",2.63036809815951e-06,"Coc","Dark","B",0.349791022585615,0.0743509480014109,-0.206076952747938,0.39259403960271,0.0337228848267994,0.598670992350648
"378","XYB.4-l","biorep6",2.89760348583878e-06,"Coc","Light","B",-0.00525922115592553,0.0729994165924968,0.0121032173015953,0.471178729506597,0.0403794585924327,0.459075512205001
"379","XYB.4-m","biorep6",3.76888888888889e-06,"Coc","Dark","B",0.4438541945245,0.228671760501034,0.0997787356424485,0.179575171476032,0.0155229572542454,0.0797964358335832
"380","XYB.5-l","biorep6",2.04295442640126e-06,"Coc","Light","B",0.20070961540242,0.339027561179062,-0.0208114051711398,0.94246727277557,0.0796684746208084,0.96327867794671
"381","XYB.5-m","biorep6",4.02503507068091e-06,"Coc","Dark","B",0.409958514294713,0.156187978098083,-0.0851098986655128,-0.100175553166936,-0.00873257197646476,-0.0150656545014235
"382","XYC.1-l","biorep6",2.7521613832853e-06,"Coc","Light","C",0.246123331163387,0.383227730893301,-0.0507128908850018,0.482657737949893,0.0413492306763004,0.533370628834895
"383","XYC.1-m","biorep6",4.400396432111e-06,"Coc","Dark","C",0.478889045710966,0.254172880204393,0.166274147429355,0.0225763444779896,0.00196076330182401,-0.143697802951366
"384","XYC.2-l","biorep6",2.61255115961801e-06,"Coc","Light","C",0.2598108561314,0.453185758975736,-0.0469411369957934,0.561535273505444,0.0479954083237998,0.608476410501237
"385","XYC.2-m","biorep6",3.91696750902527e-06,"Coc","Dark","C",0.268649658417609,0.240379184778543,0.133409513523729,0.157608051420821,0.0136330025843981,0.0241985378970918
"386","XYC.3-m","biorep6",3.35526315789474e-06,"Coc","Dark","C",0.160034902190584,0.160650858599513,0.0442836230507449,0.291793398815218,0.0251392799403581,0.247509775764473
"387","XYC.4-l","biorep6",2.51984126984127e-06,"Coc","Light","C",0.164200339354164,0.153758705855286,-0.0544945314274285,0.606108309592705,0.0517376125458239,0.660602841020133
"388","XYC.4-m","biorep6",1.49484536082474e-05,"Coc","Dark","C",0.275436280666916,0.225699011411336,0.0371941982644259,-1.870794445271,-0.172503730387176,-1.90798864353542
"389","XYC.5-l","biorep6",2.91201117318436e-06,"Coc","Light","C",0.290225201139842,0.242266408739224,0.0757618545239131,0.527681662635889,0.0451466713521732,0.451919808111976
"390","XYC.5-m","biorep6",3.97288842544317e-06,"Coc","Dark","C",0.17080750647922,0.324909173937177,-0.0544945314274285,-0.0507471096102369,-0.00441715556220294,0.00374742181719147
"391","XYE.1-l","biorep6",3.98474737845567e-06,"Coc","Light","E",0.122768535233466,-0.400546614930688,0.0792174131601321,0.0786648479488999,0.00682056591254364,-0.000552565211232251
"392","XYE.1-m","biorep6",3.00312825860271e-06,"Coc","Dark","E",0.392388015648571,0.3279367681646,-0.458216717478438,-0.0507471096102369,-0.00441715556220294,0.407469607868201
"393","XYE.2-l","biorep6",4.37284234752589e-06,"Coc","Light","E",0.0277933176128782,-0.254401604358146,0.0792174131601321,-0.0554182240640326,-0.00482442161156246,-0.134635637224165
"394","XYE.2-m","biorep6",2.78649921507064e-06,"Coc","Dark","E",0.231111419153571,0.236847617481733,-0.156466504528706,0.359015447627933,0.0308691932158881,0.515481952156639
"395","XYE.3-l","biorep6",3.54866494401378e-06,"Coc","Light","E",0.132091882864528,0.234392848190025,0.0583588082624677,0.225018142237199,0.0194248301763347,0.166659333974731
"396","XYE.3-m","biorep6",5.15597219977372e-06,"Coc","Dark","E",0.263063684240012,0.196041209954821,-0.310729105155881,-0.683037890902093,-0.0606182664958804,-0.372308785746212
"397","XYE.4-m","biorep6",4.25995024875622e-06,"Coc","Dark","E",0.31101726240235,0.177863907219577,-0.530109635960224,-0.627010518336801,-0.0555489239074733,-0.0969008823765779
"398","XYE.5-m","biorep6",4.19217460739952e-06,"Coc","Dark","E",0.323007862994895,0.141343848009282,-0.328933700533472,-0.402696808873959,-0.0354296343912178,-0.0737631083404874
